{
    "download":[
        {
            "href":"/",
            "paragraph":"List item"
        },
        {
            "href":"/",
            "paragraph":"List item"
        },
        {
            "href":"/",
            "paragraph":"List item"
        },
        {
            "href":"/",
            "paragraph":"List item"
        }
    ],
    "company":[
        {
            "href":"/",
            "paragraph":"List item"
        },
        {
            "href":"/",
            "paragraph":"List item"
        },
        {
            "href":"/",
            "paragraph":"List item"
        },
        {
            "href":"/",
            "paragraph":"List item"
        },
        {
            "href":"/",
            "paragraph":"List item"
        }
    ]
}